[
{
    "model": "auth.permission",
    "pk": 1,
    "fields": {
        "name": "Can add log entry",
        "content_type": 1,
        "codename": "add_logentry"
    }
},
{
    "model": "auth.permission",
    "pk": 2,
    "fields": {
        "name": "Can change log entry",
        "content_type": 1,
        "codename": "change_logentry"
    }
},
{
    "model": "auth.permission",
    "pk": 3,
    "fields": {
        "name": "Can delete log entry",
        "content_type": 1,
        "codename": "delete_logentry"
    }
},
{
    "model": "auth.permission",
    "pk": 4,
    "fields": {
        "name": "Can view log entry",
        "content_type": 1,
        "codename": "view_logentry"
    }
},
{
    "model": "auth.permission",
    "pk": 5,
    "fields": {
        "name": "Can add permission",
        "content_type": 2,
        "codename": "add_permission"
    }
},
{
    "model": "auth.permission",
    "pk": 6,
    "fields": {
        "name": "Can change permission",
        "content_type": 2,
        "codename": "change_permission"
    }
},
{
    "model": "auth.permission",
    "pk": 7,
    "fields": {
        "name": "Can delete permission",
        "content_type": 2,
        "codename": "delete_permission"
    }
},
{
    "model": "auth.permission",
    "pk": 8,
    "fields": {
        "name": "Can view permission",
        "content_type": 2,
        "codename": "view_permission"
    }
},
{
    "model": "auth.permission",
    "pk": 9,
    "fields": {
        "name": "Can add group",
        "content_type": 3,
        "codename": "add_group"
    }
},
{
    "model": "auth.permission",
    "pk": 10,
    "fields": {
        "name": "Can change group",
        "content_type": 3,
        "codename": "change_group"
    }
},
{
    "model": "auth.permission",
    "pk": 11,
    "fields": {
        "name": "Can delete group",
        "content_type": 3,
        "codename": "delete_group"
    }
},
{
    "model": "auth.permission",
    "pk": 12,
    "fields": {
        "name": "Can view group",
        "content_type": 3,
        "codename": "view_group"
    }
},
{
    "model": "auth.permission",
    "pk": 13,
    "fields": {
        "name": "Can add user",
        "content_type": 4,
        "codename": "add_user"
    }
},
{
    "model": "auth.permission",
    "pk": 14,
    "fields": {
        "name": "Can change user",
        "content_type": 4,
        "codename": "change_user"
    }
},
{
    "model": "auth.permission",
    "pk": 15,
    "fields": {
        "name": "Can delete user",
        "content_type": 4,
        "codename": "delete_user"
    }
},
{
    "model": "auth.permission",
    "pk": 16,
    "fields": {
        "name": "Can view user",
        "content_type": 4,
        "codename": "view_user"
    }
},
{
    "model": "auth.permission",
    "pk": 17,
    "fields": {
        "name": "Can add content type",
        "content_type": 5,
        "codename": "add_contenttype"
    }
},
{
    "model": "auth.permission",
    "pk": 18,
    "fields": {
        "name": "Can change content type",
        "content_type": 5,
        "codename": "change_contenttype"
    }
},
{
    "model": "auth.permission",
    "pk": 19,
    "fields": {
        "name": "Can delete content type",
        "content_type": 5,
        "codename": "delete_contenttype"
    }
},
{
    "model": "auth.permission",
    "pk": 20,
    "fields": {
        "name": "Can view content type",
        "content_type": 5,
        "codename": "view_contenttype"
    }
},
{
    "model": "auth.permission",
    "pk": 21,
    "fields": {
        "name": "Can add session",
        "content_type": 6,
        "codename": "add_session"
    }
},
{
    "model": "auth.permission",
    "pk": 22,
    "fields": {
        "name": "Can change session",
        "content_type": 6,
        "codename": "change_session"
    }
},
{
    "model": "auth.permission",
    "pk": 23,
    "fields": {
        "name": "Can delete session",
        "content_type": 6,
        "codename": "delete_session"
    }
},
{
    "model": "auth.permission",
    "pk": 24,
    "fields": {
        "name": "Can view session",
        "content_type": 6,
        "codename": "view_session"
    }
},
{
    "model": "auth.permission",
    "pk": 25,
    "fields": {
        "name": "Can add categoria",
        "content_type": 7,
        "codename": "add_categoria"
    }
},
{
    "model": "auth.permission",
    "pk": 26,
    "fields": {
        "name": "Can change categoria",
        "content_type": 7,
        "codename": "change_categoria"
    }
},
{
    "model": "auth.permission",
    "pk": 27,
    "fields": {
        "name": "Can delete categoria",
        "content_type": 7,
        "codename": "delete_categoria"
    }
},
{
    "model": "auth.permission",
    "pk": 28,
    "fields": {
        "name": "Can view categoria",
        "content_type": 7,
        "codename": "view_categoria"
    }
},
{
    "model": "auth.permission",
    "pk": 29,
    "fields": {
        "name": "Can add pago",
        "content_type": 8,
        "codename": "add_pago"
    }
},
{
    "model": "auth.permission",
    "pk": 30,
    "fields": {
        "name": "Can change pago",
        "content_type": 8,
        "codename": "change_pago"
    }
},
{
    "model": "auth.permission",
    "pk": 31,
    "fields": {
        "name": "Can delete pago",
        "content_type": 8,
        "codename": "delete_pago"
    }
},
{
    "model": "auth.permission",
    "pk": 32,
    "fields": {
        "name": "Can view pago",
        "content_type": 8,
        "codename": "view_pago"
    }
},
{
    "model": "auth.permission",
    "pk": 33,
    "fields": {
        "name": "Can add perfil",
        "content_type": 9,
        "codename": "add_perfil"
    }
},
{
    "model": "auth.permission",
    "pk": 34,
    "fields": {
        "name": "Can change perfil",
        "content_type": 9,
        "codename": "change_perfil"
    }
},
{
    "model": "auth.permission",
    "pk": 35,
    "fields": {
        "name": "Can delete perfil",
        "content_type": 9,
        "codename": "delete_perfil"
    }
},
{
    "model": "auth.permission",
    "pk": 36,
    "fields": {
        "name": "Can view perfil",
        "content_type": 9,
        "codename": "view_perfil"
    }
},
{
    "model": "auth.permission",
    "pk": 37,
    "fields": {
        "name": "Can add servicio extra",
        "content_type": 10,
        "codename": "add_servicioextra"
    }
},
{
    "model": "auth.permission",
    "pk": 38,
    "fields": {
        "name": "Can change servicio extra",
        "content_type": 10,
        "codename": "change_servicioextra"
    }
},
{
    "model": "auth.permission",
    "pk": 39,
    "fields": {
        "name": "Can delete servicio extra",
        "content_type": 10,
        "codename": "delete_servicioextra"
    }
},
{
    "model": "auth.permission",
    "pk": 40,
    "fields": {
        "name": "Can view servicio extra",
        "content_type": 10,
        "codename": "view_servicioextra"
    }
},
{
    "model": "auth.permission",
    "pk": 41,
    "fields": {
        "name": "Can add usuario",
        "content_type": 11,
        "codename": "add_usuario"
    }
},
{
    "model": "auth.permission",
    "pk": 42,
    "fields": {
        "name": "Can change usuario",
        "content_type": 11,
        "codename": "change_usuario"
    }
},
{
    "model": "auth.permission",
    "pk": 43,
    "fields": {
        "name": "Can delete usuario",
        "content_type": 11,
        "codename": "delete_usuario"
    }
},
{
    "model": "auth.permission",
    "pk": 44,
    "fields": {
        "name": "Can view usuario",
        "content_type": 11,
        "codename": "view_usuario"
    }
},
{
    "model": "auth.permission",
    "pk": 45,
    "fields": {
        "name": "Can add categoria principal",
        "content_type": 12,
        "codename": "add_categoriaprincipal"
    }
},
{
    "model": "auth.permission",
    "pk": 46,
    "fields": {
        "name": "Can change categoria principal",
        "content_type": 12,
        "codename": "change_categoriaprincipal"
    }
},
{
    "model": "auth.permission",
    "pk": 47,
    "fields": {
        "name": "Can delete categoria principal",
        "content_type": 12,
        "codename": "delete_categoriaprincipal"
    }
},
{
    "model": "auth.permission",
    "pk": 48,
    "fields": {
        "name": "Can view categoria principal",
        "content_type": 12,
        "codename": "view_categoriaprincipal"
    }
},
{
    "model": "auth.permission",
    "pk": 49,
    "fields": {
        "name": "Can add propiedad",
        "content_type": 13,
        "codename": "add_propiedad"
    }
},
{
    "model": "auth.permission",
    "pk": 50,
    "fields": {
        "name": "Can change propiedad",
        "content_type": 13,
        "codename": "change_propiedad"
    }
},
{
    "model": "auth.permission",
    "pk": 51,
    "fields": {
        "name": "Can delete propiedad",
        "content_type": 13,
        "codename": "delete_propiedad"
    }
},
{
    "model": "auth.permission",
    "pk": 52,
    "fields": {
        "name": "Can view propiedad",
        "content_type": 13,
        "codename": "view_propiedad"
    }
},
{
    "model": "auth.permission",
    "pk": 53,
    "fields": {
        "name": "Can add prioridad",
        "content_type": 14,
        "codename": "add_prioridad"
    }
},
{
    "model": "auth.permission",
    "pk": 54,
    "fields": {
        "name": "Can change prioridad",
        "content_type": 14,
        "codename": "change_prioridad"
    }
},
{
    "model": "auth.permission",
    "pk": 55,
    "fields": {
        "name": "Can delete prioridad",
        "content_type": 14,
        "codename": "delete_prioridad"
    }
},
{
    "model": "auth.permission",
    "pk": 56,
    "fields": {
        "name": "Can view prioridad",
        "content_type": 14,
        "codename": "view_prioridad"
    }
},
{
    "model": "auth.permission",
    "pk": 57,
    "fields": {
        "name": "Can add comentario",
        "content_type": 15,
        "codename": "add_comentario"
    }
},
{
    "model": "auth.permission",
    "pk": 58,
    "fields": {
        "name": "Can change comentario",
        "content_type": 15,
        "codename": "change_comentario"
    }
},
{
    "model": "auth.permission",
    "pk": 59,
    "fields": {
        "name": "Can delete comentario",
        "content_type": 15,
        "codename": "delete_comentario"
    }
},
{
    "model": "auth.permission",
    "pk": 60,
    "fields": {
        "name": "Can view comentario",
        "content_type": 15,
        "codename": "view_comentario"
    }
},
{
    "model": "auth.permission",
    "pk": 61,
    "fields": {
        "name": "Can add reserva",
        "content_type": 16,
        "codename": "add_reserva"
    }
},
{
    "model": "auth.permission",
    "pk": 62,
    "fields": {
        "name": "Can change reserva",
        "content_type": 16,
        "codename": "change_reserva"
    }
},
{
    "model": "auth.permission",
    "pk": 63,
    "fields": {
        "name": "Can delete reserva",
        "content_type": 16,
        "codename": "delete_reserva"
    }
},
{
    "model": "auth.permission",
    "pk": 64,
    "fields": {
        "name": "Can view reserva",
        "content_type": 16,
        "codename": "view_reserva"
    }
},
{
    "model": "contenttypes.contenttype",
    "pk": 1,
    "fields": {
        "app_label": "admin",
        "model": "logentry"
    }
},
{
    "model": "contenttypes.contenttype",
    "pk": 2,
    "fields": {
        "app_label": "auth",
        "model": "permission"
    }
},
{
    "model": "contenttypes.contenttype",
    "pk": 3,
    "fields": {
        "app_label": "auth",
        "model": "group"
    }
},
{
    "model": "contenttypes.contenttype",
    "pk": 4,
    "fields": {
        "app_label": "auth",
        "model": "user"
    }
},
{
    "model": "contenttypes.contenttype",
    "pk": 5,
    "fields": {
        "app_label": "contenttypes",
        "model": "contenttype"
    }
},
{
    "model": "contenttypes.contenttype",
    "pk": 6,
    "fields": {
        "app_label": "sessions",
        "model": "session"
    }
},
{
    "model": "contenttypes.contenttype",
    "pk": 7,
    "fields": {
        "app_label": "alquiler",
        "model": "categoria"
    }
},
{
    "model": "contenttypes.contenttype",
    "pk": 8,
    "fields": {
        "app_label": "alquiler",
        "model": "pago"
    }
},
{
    "model": "contenttypes.contenttype",
    "pk": 9,
    "fields": {
        "app_label": "alquiler",
        "model": "perfil"
    }
},
{
    "model": "contenttypes.contenttype",
    "pk": 10,
    "fields": {
        "app_label": "alquiler",
        "model": "servicioextra"
    }
},
{
    "model": "contenttypes.contenttype",
    "pk": 11,
    "fields": {
        "app_label": "alquiler",
        "model": "usuario"
    }
},
{
    "model": "contenttypes.contenttype",
    "pk": 12,
    "fields": {
        "app_label": "alquiler",
        "model": "categoriaprincipal"
    }
},
{
    "model": "contenttypes.contenttype",
    "pk": 13,
    "fields": {
        "app_label": "alquiler",
        "model": "propiedad"
    }
},
{
    "model": "contenttypes.contenttype",
    "pk": 14,
    "fields": {
        "app_label": "alquiler",
        "model": "prioridad"
    }
},
{
    "model": "contenttypes.contenttype",
    "pk": 15,
    "fields": {
        "app_label": "alquiler",
        "model": "comentario"
    }
},
{
    "model": "contenttypes.contenttype",
    "pk": 16,
    "fields": {
        "app_label": "alquiler",
        "model": "reserva"
    }
},
{
    "model": "alquiler.usuario",
    "pk": 1,
    "fields": {
        "nombre": "Pretty note speak and politics thought.",
        "email": "andrea58@example.net",
        "telefono": "Maintain enough.",
        "fecha_registro": "1972-05-03T23:54:43.824"
    }
},
{
    "model": "alquiler.usuario",
    "pk": 2,
    "fields": {
        "nombre": "Relationship dog low result doctor beyond cup. Everyone nation yard ever letter represent number.",
        "email": "pennymassey@example.net",
        "telefono": "Watch reality green.",
        "fecha_registro": "1985-04-23T22:02:38.206"
    }
},
{
    "model": "alquiler.usuario",
    "pk": 3,
    "fields": {
        "nombre": "Central enter store. A even exactly task husband would.",
        "email": "brandonbrown@example.com",
        "telefono": "Focus everyone who.",
        "fecha_registro": "1973-06-03T21:00:32.549"
    }
},
{
    "model": "alquiler.usuario",
    "pk": 4,
    "fields": {
        "nombre": "Property end work role necessary meet. Side receive purpose.",
        "email": "zlopez@example.net",
        "telefono": "Vote subject adult.",
        "fecha_registro": "2020-01-08T07:06:04.732"
    }
},
{
    "model": "alquiler.usuario",
    "pk": 5,
    "fields": {
        "nombre": "Yard test teacher trial look star. Paper set manager always against quite add.",
        "email": "philip65@example.com",
        "telefono": "Shoulder cover.",
        "fecha_registro": "1977-02-01T18:40:06.344"
    }
},
{
    "model": "alquiler.usuario",
    "pk": 6,
    "fields": {
        "nombre": "Response option pressure husband seven. With animal table.",
        "email": "reynoldsjoseph@example.org",
        "telefono": "Specific charge.",
        "fecha_registro": "1996-11-30T10:48:47.075"
    }
},
{
    "model": "alquiler.usuario",
    "pk": 7,
    "fields": {
        "nombre": "Degree upon unit eight director history.\nBoth old executive always prevent close necessary.",
        "email": "james21@example.org",
        "telefono": "Buy indicate.",
        "fecha_registro": "1984-03-02T22:07:14.907"
    }
},
{
    "model": "alquiler.usuario",
    "pk": 8,
    "fields": {
        "nombre": "Spring like across.",
        "email": "clarklinda@example.com",
        "telefono": "Finish agent.",
        "fecha_registro": "2020-08-24T12:24:09.180"
    }
},
{
    "model": "alquiler.usuario",
    "pk": 9,
    "fields": {
        "nombre": "Skin accept size get recently soldier.",
        "email": "alex82@example.org",
        "telefono": "Include may out.",
        "fecha_registro": "2016-04-17T18:21:35.235"
    }
},
{
    "model": "alquiler.usuario",
    "pk": 10,
    "fields": {
        "nombre": "Fire technology hotel successful throughout. Look after expert political simple part plant.",
        "email": "mejialisa@example.net",
        "telefono": "Thousand owner what.",
        "fecha_registro": "2020-02-15T18:40:36.071"
    }
},
{
    "model": "alquiler.usuario",
    "pk": 11,
    "fields": {
        "nombre": "Evidence everyone add ask current. Heart street seem fire meet east expert.",
        "email": "zmiller@example.com",
        "telefono": "Their very name.",
        "fecha_registro": "1981-12-13T09:30:58.777"
    }
},
{
    "model": "alquiler.usuario",
    "pk": 12,
    "fields": {
        "nombre": "Message rise everybody front left. Television rather organization politics place measure.",
        "email": "megancampbell@example.com",
        "telefono": "Travel police.",
        "fecha_registro": "2008-02-17T12:50:42.107"
    }
},
{
    "model": "alquiler.usuario",
    "pk": 13,
    "fields": {
        "nombre": "Scene not develop be. Performance me small result about.",
        "email": "ggriffin@example.net",
        "telefono": "That their at.",
        "fecha_registro": "1972-02-24T18:16:05.472"
    }
},
{
    "model": "alquiler.usuario",
    "pk": 14,
    "fields": {
        "nombre": "Impact successful support trade customer material. Human alone leader practice face follow.",
        "email": "joshua82@example.net",
        "telefono": "Able wind other.",
        "fecha_registro": "1993-12-06T10:29:16.241"
    }
},
{
    "model": "alquiler.usuario",
    "pk": 15,
    "fields": {
        "nombre": "Western light article police. Relationship bit kitchen.",
        "email": "petersonamanda@example.com",
        "telefono": "Series next game.",
        "fecha_registro": "2015-03-27T18:36:33.561"
    }
},
{
    "model": "alquiler.perfil",
    "pk": 1,
    "fields": {
        "usuario": 1,
        "genero": "Husband.",
        "edad": 4031,
        "ubicacion": "Black poor open economy. Claim style teacher over.\nBoard if spring also career late myself often. Upon area make successful eat.",
        "biografia": "City art receive pull feeling benefit. Network sense pattern specific. Indicate operation quickly cold despite. Data such stop three mother leader.\nTurn away improve also get away."
    }
},
{
    "model": "alquiler.perfil",
    "pk": 2,
    "fields": {
        "usuario": 9,
        "genero": "Military.",
        "edad": 21947,
        "ubicacion": "Inside reason once provide item. Hundred fast base decade late theory season. Our change seven past level way.\nSee factor available there well. Head per success name several financial yourself.",
        "biografia": "Remember join future nor kitchen. Seven summer during nice.\nChoice unit something my go whether. Note play old fine ask character. Consumer source inside response here toward."
    }
},
{
    "model": "alquiler.perfil",
    "pk": 3,
    "fields": {
        "usuario": 7,
        "genero": "Blue low.",
        "edad": 5422,
        "ubicacion": "Art scene course with over. Brother thank onto spend. Lot value baby less.\nChurch with indicate father him. Put source else address realize town friend look. Baby three simply shoulder most live.",
        "biografia": "Win social green leader several whether. General six minute start significant drive. College six business activity do bar indeed. Project relate drive itself five information sing."
    }
},
{
    "model": "alquiler.perfil",
    "pk": 4,
    "fields": {
        "usuario": 8,
        "genero": "Enough.",
        "edad": 29962,
        "ubicacion": "Manager war history option home term. Note leader really end range away energy. Bed how four whose claim impact.\nCareer key once answer who image structure. Wind mean base body skill industry.",
        "biografia": "All into forget recently. Whether citizen question build.\nGlass door brother treat speech reflect most. Also section form you. Should care score develop book girl. Four position wrong someone."
    }
},
{
    "model": "alquiler.perfil",
    "pk": 5,
    "fields": {
        "usuario": 12,
        "genero": "Issue.",
        "edad": 2946,
        "ubicacion": "Themselves PM easy risk. Room until method many majority.\nArm goal agency possible change although when. Fill let will professor. Return quite crime father store all.",
        "biografia": "Wide oil Congress cell fear easy source.\nSense road pressure send. Attention generation lose significant beautiful like range."
    }
},
{
    "model": "alquiler.perfil",
    "pk": 6,
    "fields": {
        "usuario": 3,
        "genero": "Same rich.",
        "edad": 4385,
        "ubicacion": "Sound away major bag. Skill within per cultural goal. Require six official girl nearly.\nMeeting detail whom situation. Push position offer matter generation top.",
        "biografia": "Tonight in budget music maintain company but nor. Movie smile worry process man.\nImprove itself both think voice believe. Bar may each ten. Generation allow she development every dark."
    }
},
{
    "model": "alquiler.perfil",
    "pk": 7,
    "fields": {
        "usuario": 13,
        "genero": "Stage.",
        "edad": 30326,
        "ubicacion": "Particularly hold network issue lay significant. What dream business from run where wrong. Most guess why explain myself.\nTrip result report task up poor affect set. Situation good safe.",
        "biografia": "Quickly citizen reduce region if item. Past do sea difficult year his.\nBoard spring effort less receive value. Time value play chair hold. Throughout road Mr morning be."
    }
},
{
    "model": "alquiler.perfil",
    "pk": 8,
    "fields": {
        "usuario": 10,
        "genero": "Recently.",
        "edad": 31711,
        "ubicacion": "Onto dinner interest young management weight of guy. Ever goal more finally month man establish challenge. Relationship data speech sign process.",
        "biografia": "Reach whose message most order get really. Week air he word should who easy. System record very world door age effort.\nMouth black score time. Black use personal four mean."
    }
},
{
    "model": "alquiler.perfil",
    "pk": 9,
    "fields": {
        "usuario": 15,
        "genero": "Reveal.",
        "edad": 3092,
        "ubicacion": "Guess radio direction together couple through. Specific key edge tough radio.\nFree appear she local instead close. He very network research international black maintain.",
        "biografia": "Without note suddenly couple foreign next ten sense. Leave speak bar medical go."
    }
},
{
    "model": "alquiler.perfil",
    "pk": 10,
    "fields": {
        "usuario": 11,
        "genero": "Wonder.",
        "edad": 7247,
        "ubicacion": "Stock hope place. Travel short raise apply movement goal eye. Imagine respond plant coach look their son spend.",
        "biografia": "School its wait water dog call. Catch teacher step conference believe.\nBegin author group offer trip soldier. Available stuff sense home. Security society tough stage."
    }
},
{
    "model": "alquiler.perfil",
    "pk": 11,
    "fields": {
        "usuario": 4,
        "genero": "Effort.",
        "edad": 4887,
        "ubicacion": "Process gun black player think. Size everyone eight he their property moment. Wrong physical both. Such require here course.",
        "biografia": "Water glass minute create old call they. Understand lay watch thought maybe edge. Be size guess change.\nHappy not two. Debate drive meet back. In include now can."
    }
},
{
    "model": "alquiler.perfil",
    "pk": 12,
    "fields": {
        "usuario": 14,
        "genero": "Stay you.",
        "edad": 24553,
        "ubicacion": "That attack performance compare worker general media movement. Manage my simple. Scene term new not.\nMaterial about into gas laugh better one. Ball be girl air land.",
        "biografia": "Check let production skin task left travel. Discussion run while pattern interest. Find once alone still around hard coach."
    }
},
{
    "model": "alquiler.perfil",
    "pk": 13,
    "fields": {
        "usuario": 2,
        "genero": "Manage do.",
        "edad": 8292,
        "ubicacion": "Soldier memory free some consumer. Lawyer organization of recognize. Employee writer rule wind.",
        "biografia": "Specific nothing work source rather kid house. Worker use ten eye sometimes need way.\nNews leave him player wife hear effort. Clear owner item save reality stage policy."
    }
},
{
    "model": "alquiler.perfil",
    "pk": 14,
    "fields": {
        "usuario": 6,
        "genero": "Another.",
        "edad": 26135,
        "ubicacion": "Strong PM similar explain debate. Herself sell bit include.\nAge wait few. This apply agreement arrive where manage. Class energy cold day past product leader one.",
        "biografia": "Red fine eat should affect hard. Become two attention truth six model. Stand theory fund example material data. Institution administration nor wait east see modern."
    }
},
{
    "model": "alquiler.perfil",
    "pk": 15,
    "fields": {
        "usuario": 5,
        "genero": "Dark.",
        "edad": 4745,
        "ubicacion": "Mouth their sort figure never task fund. Front fish author Mrs foreign.\nOn answer treatment loss year building camera exactly. Third pull build box follow let. International you treat why.",
        "biografia": "So interesting fund vote focus enter day. Case seat film get visit. Level current eat number."
    }
},
{
    "model": "alquiler.categoria",
    "pk": 1,
    "fields": {
        "nombre": "Eye southern few knowledge new it rather receive. Industry product carry evening section week from.",
        "descripcion": "Listen hear old include civil. Own never gas much decide. Author laugh house glass forget.\nSport per consumer hope simple. Star thank central need former public government tend.",
        "premiun": true,
        "principal": true
    }
},
{
    "model": "alquiler.categoria",
    "pk": 2,
    "fields": {
        "nombre": "Candidate thus base into feel a. If admit Mrs.",
        "descripcion": "See health hand century high high nearly. Mrs through live about build through. Across value fact many interesting answer support past. Life threat exactly argue believe factor.",
        "premiun": true,
        "principal": false
    }
},
{
    "model": "alquiler.categoria",
    "pk": 3,
    "fields": {
        "nombre": "Explain west military Democrat yourself smile address. Example order all four goal bill television.",
        "descripcion": "Offer fish home main and budget. Particular network money herself employee. First response a federal.",
        "premiun": true,
        "principal": false
    }
},
{
    "model": "alquiler.categoria",
    "pk": 4,
    "fields": {
        "nombre": "Safe again discuss catch similar. Budget actually wind analysis get.",
        "descripcion": "Day let cold oil draw. Enough message three mean home never themselves important.\nParticular sometimes carry four career step test discuss. Should radio our seem key glass safe two.",
        "premiun": true,
        "principal": true
    }
},
{
    "model": "alquiler.categoria",
    "pk": 5,
    "fields": {
        "nombre": "Three very break interest course. Car to learn quickly size produce.",
        "descripcion": "Determine lose town assume party land such. Memory big sister leave. Degree if beat manager past Mr Republican. Administration next agent thought arrive instead.",
        "premiun": false,
        "principal": false
    }
},
{
    "model": "alquiler.categoria",
    "pk": 6,
    "fields": {
        "nombre": "Body remain value by to. Know entire operation include ask open few poor.",
        "descripcion": "Likely generation price chance magazine.\nStudy despite animal movement main mouth road only. Such you computer again question growth. Three this house laugh market feeling movie.",
        "premiun": true,
        "principal": true
    }
},
{
    "model": "alquiler.categoria",
    "pk": 7,
    "fields": {
        "nombre": "Development accept action ask. Lot animal arrive cause visit wife enjoy item. Police respond with.",
        "descripcion": "Pay well get benefit happen PM. Account suffer floor. Media behind put new yet structure.\nDuring share figure need positive. Show next my final. Stay yeah theory down whether during.",
        "premiun": false,
        "principal": false
    }
},
{
    "model": "alquiler.categoria",
    "pk": 8,
    "fields": {
        "nombre": "Seek industry glass north way social. Security commercial reflect line.",
        "descripcion": "Account build lay smile consumer. Purpose blood car message hear create maintain. They affect happen investment your beat product avoid.",
        "premiun": true,
        "principal": false
    }
},
{
    "model": "alquiler.categoria",
    "pk": 9,
    "fields": {
        "nombre": "Scientist son so.",
        "descripcion": "Public citizen garden manager because prevent despite. Determine paper none team land name.\nAppear adult make word be. During medical evidence measure bill lead.",
        "premiun": true,
        "principal": false
    }
},
{
    "model": "alquiler.categoria",
    "pk": 10,
    "fields": {
        "nombre": "Begin require production person their require market. Others development general while.",
        "descripcion": "Family class thus. Myself police increase particularly hard international.",
        "premiun": true,
        "principal": false
    }
},
{
    "model": "alquiler.categoria",
    "pk": 11,
    "fields": {
        "nombre": "Hour church identify interview test win firm. Position season will sea on.",
        "descripcion": "Lay hundred tonight push audience important. Relate sound artist woman figure system simply.",
        "premiun": false,
        "principal": true
    }
},
{
    "model": "alquiler.categoria",
    "pk": 12,
    "fields": {
        "nombre": "Democratic season parent. Effort indeed friend claim across.",
        "descripcion": "Inside seat top contain join late.\nMy step tree.\nRecord health bill six almost. Administration agreement admit himself management office natural many. Summer answer vote pass same individual.",
        "premiun": true,
        "principal": true
    }
},
{
    "model": "alquiler.categoria",
    "pk": 13,
    "fields": {
        "nombre": "Two source choice usually blue strong. Read prove task.",
        "descripcion": "Reveal fill meeting story hear. Land bag imagine. Indicate after Republican much scientist every.\nRequire cup there performance. Bill government establish draw force join.",
        "premiun": false,
        "principal": true
    }
},
{
    "model": "alquiler.categoria",
    "pk": 14,
    "fields": {
        "nombre": "Any exactly at rock entire task. Sell month above beyond thousand garden role.",
        "descripcion": "Several interest tree boy kind get pay far.\nOrder either item decide note right. Old around surface campaign government lose project bill.\nStart democratic son wide.",
        "premiun": true,
        "principal": false
    }
},
{
    "model": "alquiler.categoria",
    "pk": 15,
    "fields": {
        "nombre": "Age college street see catch. Hot small close be score pretty. Either television fast include.",
        "descripcion": "Rather instead knowledge store information various wear. Rule project scientist study. Hope mission able claim easy address word.",
        "premiun": true,
        "principal": true
    }
},
{
    "model": "alquiler.categoria",
    "pk": 16,
    "fields": {
        "nombre": "Categoria Sin Propiedad 1",
        "descripcion": "Descripción de prueba",
        "premiun": false,
        "principal": false
    }
},
{
    "model": "alquiler.categoria",
    "pk": 17,
    "fields": {
        "nombre": "Categoria Sin Propiedad 2",
        "descripcion": "Descripción de prueba",
        "premiun": false,
        "principal": false
    }
},
{
    "model": "alquiler.servicioextra",
    "pk": 1,
    "fields": {
        "nombre": "Raise down source present order however.",
        "descripcion": "Spring American easy fine follow across. Green system many himself hot. Certain any wide history official.",
        "precio": -886,
        "disponible": false
    }
},
{
    "model": "alquiler.servicioextra",
    "pk": 2,
    "fields": {
        "nombre": "Cover vote old score where three. Choice personal be party fill.",
        "descripcion": "Light before your high either. Seat project create question certain own.\nKind after worry yet community treatment certainly. Talk their hope onto service important child.",
        "precio": -26319,
        "disponible": true
    }
},
{
    "model": "alquiler.servicioextra",
    "pk": 3,
    "fields": {
        "nombre": "Possible onto early none adult movement. Himself add officer seek media spring after office.",
        "descripcion": "News future forward soon. Sea exist parent such style these thousand. Buy become wide open respond treatment model.\nParent market agency. Tough government let environment trade involve draw.",
        "precio": -7625,
        "disponible": false
    }
},
{
    "model": "alquiler.servicioextra",
    "pk": 4,
    "fields": {
        "nombre": "Away well prevent thing research dream. Wait serve open we Congress employee three different.",
        "descripcion": "Including adult doctor consider west. Job task they human simply across loss. Culture final lawyer.\nBegin owner identify. Similar cover they everyone move whom full.",
        "precio": 16687,
        "disponible": false
    }
},
{
    "model": "alquiler.servicioextra",
    "pk": 5,
    "fields": {
        "nombre": "Quite black guy case indeed beyond race. Leave Republican society stuff want.",
        "descripcion": "Move manage approach process fear trouble produce. Sign create dream customer.\nSource as early owner write. Food final important.",
        "precio": -28246,
        "disponible": true
    }
},
{
    "model": "alquiler.servicioextra",
    "pk": 6,
    "fields": {
        "nombre": "There speech run direction boy single mission. Protect evening strategy consider young.",
        "descripcion": "Best them difference yard too course our hear. Service system play teach bag research somebody.\nPolitics most Democrat into up. Evidence stay mother represent throw even join.",
        "precio": -7595,
        "disponible": false
    }
},
{
    "model": "alquiler.servicioextra",
    "pk": 7,
    "fields": {
        "nombre": "Nearly high certain above. Future that wife available hospital.",
        "descripcion": "Past week national decision price scene such. Town enter have decide evening.\nName at seven opportunity school suddenly.\nArrive assume really even sort easy.",
        "precio": -26275,
        "disponible": false
    }
},
{
    "model": "alquiler.servicioextra",
    "pk": 8,
    "fields": {
        "nombre": "Raise believe other. Second report over work second foot.",
        "descripcion": "Operation Mrs film. Send mean yard apply. Dream age sign practice. Memory ready partner enough.\nPer civil seek painting member law inside form. Reveal brother drug foot clear pick become.",
        "precio": -17394,
        "disponible": false
    }
},
{
    "model": "alquiler.servicioextra",
    "pk": 9,
    "fields": {
        "nombre": "Year during sign. Local red per pay every require.",
        "descripcion": "Simply central each suffer act guy. Set evidence wife after my under hold. Receive hear senior material attack reality.\nSerious these account nearly relate drive hit. Media outside investment argue.",
        "precio": -14202,
        "disponible": true
    }
},
{
    "model": "alquiler.servicioextra",
    "pk": 10,
    "fields": {
        "nombre": "Federal water create challenge. Southern Mr upon step necessary continue painting.",
        "descripcion": "Decade conference face buy city defense subject morning. Can interest girl believe.",
        "precio": 3949,
        "disponible": false
    }
},
{
    "model": "alquiler.servicioextra",
    "pk": 11,
    "fields": {
        "nombre": "Kitchen who consider. Deep end strong sit.",
        "descripcion": "Miss cup head assume. Several reality Congress receive manager live. Ball professional bag nature father.",
        "precio": 8232,
        "disponible": false
    }
},
{
    "model": "alquiler.servicioextra",
    "pk": 12,
    "fields": {
        "nombre": "Kitchen future but worry others product sound. Consumer fire choose generation.",
        "descripcion": "Hotel yes close begin catch contain once. Common seem none girl someone population.",
        "precio": -12701,
        "disponible": true
    }
},
{
    "model": "alquiler.servicioextra",
    "pk": 13,
    "fields": {
        "nombre": "Respond professional fall. City choose should. Happy about wrong white live development think card.",
        "descripcion": "Four generation million market. Carry coach often adult fly goal.",
        "precio": -1846,
        "disponible": false
    }
},
{
    "model": "alquiler.servicioextra",
    "pk": 14,
    "fields": {
        "nombre": "Every wish value less forward our agent. Catch these mouth newspaper.",
        "descripcion": "About add miss. Sing history thing another.\nHotel eat cut right three our financial. Machine many instead ground cover. West arm throughout entire garden.",
        "precio": -14473,
        "disponible": true
    }
},
{
    "model": "alquiler.servicioextra",
    "pk": 15,
    "fields": {
        "nombre": "Responsibility crime maybe or no. Pay book few what dark only.\nThing first bar less government.",
        "descripcion": "Another way fight season knowledge particularly south type. Inside he man quite beat well situation find.",
        "precio": -26320,
        "disponible": false
    }
},
{
    "model": "alquiler.propiedad",
    "pk": 1,
    "fields": {
        "titulo": "Return end body against. Mouth similar avoid true budget fear reason.",
        "direccion": "Subject add media. Discussion person people however day couple. Cold type begin.",
        "precio_por_noche": -32134,
        "max_usuarios": 15324,
        "usuario": 3,
        "servicios_extra": [
            2,
            3,
            11,
            13
        ]
    }
},
{
    "model": "alquiler.propiedad",
    "pk": 2,
    "fields": {
        "titulo": "Reveal rather hard. You follow education forward respond later paper.\nRisk girl physical fear. Herself member article item interest surface.",
        "direccion": "Protect special yet guy spend wish. Sell reveal though position detail two kitchen.",
        "precio_por_noche": -3176,
        "max_usuarios": 20568,
        "usuario": 1,
        "servicios_extra": [
            1,
            5
        ]
    }
},
{
    "model": "alquiler.propiedad",
    "pk": 3,
    "fields": {
        "titulo": "Mother class view most improve wrong drive. Measure most believe level. Usually be draw only.\nCheck the tax student. Medical sign ahead trade across find edge. Imagine matter buy tell.",
        "direccion": "Think money keep pattern exist campaign thus. Whole teach must chair old front ball analysis. Director myself police return well.",
        "precio_por_noche": 332,
        "max_usuarios": 18350,
        "usuario": 15,
        "servicios_extra": [
            4,
            10,
            13,
            14
        ]
    }
},
{
    "model": "alquiler.propiedad",
    "pk": 4,
    "fields": {
        "titulo": "Any position better employee down story. Job knowledge clear yeah fly. Environment anyone both skin sit risk religious.",
        "direccion": "Successful several term education ever third book interview. Film rest writer material door peace.\nMinute professional Congress view.",
        "precio_por_noche": -12894,
        "max_usuarios": 18639,
        "usuario": 5,
        "servicios_extra": [
            9
        ]
    }
},
{
    "model": "alquiler.propiedad",
    "pk": 5,
    "fields": {
        "titulo": "Eye like lose Congress realize live create. Her mention sister only food stage nation cultural.\nMagazine glass piece why. Could policy heavy perhaps include good.\nTheir find house short beyond.",
        "direccion": "Important have best entire see single pressure. Face tax might support attack age. Someone sing wide gas day find.\nStep science effect himself suggest. Number able of there always always.",
        "precio_por_noche": 23315,
        "max_usuarios": 12427,
        "usuario": 6,
        "servicios_extra": [
            4,
            13
        ]
    }
},
{
    "model": "alquiler.propiedad",
    "pk": 6,
    "fields": {
        "titulo": "Its then air upon notice direction but true. Return administration parent. Help various wide wall network maybe describe bit.\nFind serious short stop. Best reduce citizen major when choice.",
        "direccion": "Describe recent practice idea population its along. Increase wife begin may.\nAffect rather collection thought right program hold throw.",
        "precio_por_noche": -5806,
        "max_usuarios": 3715,
        "usuario": 1,
        "servicios_extra": [
            9
        ]
    }
},
{
    "model": "alquiler.propiedad",
    "pk": 7,
    "fields": {
        "titulo": "Ok model lot clear ahead wait team. Against others identify go.\nCall else rate. Year weight which knowledge enough rate analysis.\nOfficial stay long. Nearly guess reduce. While process at this.",
        "direccion": "Difference manage media city spend.\nStaff very national arm compare indicate guess. Front list add record until.",
        "precio_por_noche": 19082,
        "max_usuarios": 23940,
        "usuario": 13,
        "servicios_extra": [
            5,
            7,
            12
        ]
    }
},
{
    "model": "alquiler.propiedad",
    "pk": 8,
    "fields": {
        "titulo": "Hundred account other firm. While cup at art. Arrive coach mother three which modern future.\nMight responsibility during none staff set. Economic agreement turn beautiful meet.",
        "direccion": "Offer on quite cover receive five only.\nPerson effort case these artist. Plan activity indicate instead wrong pattern maybe. Course animal land.",
        "precio_por_noche": 9045,
        "max_usuarios": 4326,
        "usuario": 5,
        "servicios_extra": [
            11
        ]
    }
},
{
    "model": "alquiler.propiedad",
    "pk": 9,
    "fields": {
        "titulo": "Street necessary build effort morning arm community. Enjoy board process range teach draw use. More discuss evening nice.\nLot room fund probably rest. Perhaps find firm relate.",
        "direccion": "Computer receive conference way say leave meet. Station onto cover cause type nation care. Sign decide land west cold.\nEast thousand customer scientist. Book amount business guess.",
        "precio_por_noche": -339,
        "max_usuarios": 2974,
        "usuario": 6,
        "servicios_extra": [
            12,
            13
        ]
    }
},
{
    "model": "alquiler.propiedad",
    "pk": 10,
    "fields": {
        "titulo": "Owner picture air free. Offer break meeting window space entire explain. East sell gun fly. Mouth town work assume participant.",
        "direccion": "Teach treat lot almost now there poor. Others among game my message real speech. Some both career dinner adult senior discuss.",
        "precio_por_noche": 6603,
        "max_usuarios": 3984,
        "usuario": 3,
        "servicios_extra": [
            5,
            12
        ]
    }
},
{
    "model": "alquiler.propiedad",
    "pk": 11,
    "fields": {
        "titulo": "Feel take peace soldier.\nSell family worry drop. Prepare together charge operation general both. Form source she.\nMovement everything that relationship woman memory.",
        "direccion": "Interview show recently energy. Lay same must recent see see. Though very star anyone hard.\nShow artist four. Discussion guy shoulder focus. Clearly thought open method doctor value cell ahead.",
        "precio_por_noche": -17778,
        "max_usuarios": 6931,
        "usuario": 11,
        "servicios_extra": [
            4,
            5,
            11
        ]
    }
},
{
    "model": "alquiler.propiedad",
    "pk": 12,
    "fields": {
        "titulo": "Ability big sure idea look if. Work subject similar. Development first program sound.",
        "direccion": "Ready relationship issue media machine.",
        "precio_por_noche": -27994,
        "max_usuarios": 7246,
        "usuario": 7,
        "servicios_extra": [
            9,
            10
        ]
    }
},
{
    "model": "alquiler.propiedad",
    "pk": 13,
    "fields": {
        "titulo": "Another I represent live. Position art how discussion whether stage general customer.",
        "direccion": "Suddenly anyone theory condition order strategy believe. Interest eat behind chance memory relate.\nNewspaper second movement yard. Wrong already three human black draw increase.",
        "precio_por_noche": 24267,
        "max_usuarios": 573,
        "usuario": 9,
        "servicios_extra": [
            5,
            13
        ]
    }
},
{
    "model": "alquiler.propiedad",
    "pk": 14,
    "fields": {
        "titulo": "Lawyer left order lead. Able see old current wind bag.\nProvide night knowledge plan begin thought source. Suddenly meeting at size.",
        "direccion": "Stay our resource foot husband onto analysis. Left must action history phone close.\nOffer thank simple successful even product level record.",
        "precio_por_noche": 15789,
        "max_usuarios": 17903,
        "usuario": 10,
        "servicios_extra": [
            8,
            15
        ]
    }
},
{
    "model": "alquiler.propiedad",
    "pk": 15,
    "fields": {
        "titulo": "Ahead condition pattern measure take human recent. Great measure movie benefit computer defense source.\nAgree public politics there official cold. Measure learn machine. See him deal thousand what.",
        "direccion": "Sit remember work out fast question. Radio back news staff range role. Tax pay easy important point.\nCatch tonight ability. Outside community set late step build painting.",
        "precio_por_noche": 28994,
        "max_usuarios": 21945,
        "usuario": 11,
        "servicios_extra": [
            6
        ]
    }
},
{
    "model": "alquiler.propiedad",
    "pk": 16,
    "fields": {
        "titulo": "Ejemplo de Propiedad",
        "direccion": "Dirección de Ejemplo",
        "precio_por_noche": 100,
        "max_usuarios": 4,
        "usuario": 1,
        "servicios_extra": []
    }
},
{
    "model": "alquiler.propiedad",
    "pk": 17,
    "fields": {
        "titulo": "Ejemplo de Propiedad",
        "direccion": "Dirección de Ejemplo",
        "precio_por_noche": 100,
        "max_usuarios": 4,
        "usuario": 1,
        "servicios_extra": []
    }
},
{
    "model": "alquiler.propiedad",
    "pk": 18,
    "fields": {
        "titulo": "Ejemplo de Propiedad",
        "direccion": "Dirección de Ejemplo",
        "precio_por_noche": 100,
        "max_usuarios": 4,
        "usuario": 1,
        "servicios_extra": []
    }
},
{
    "model": "alquiler.propiedad",
    "pk": 19,
    "fields": {
        "titulo": "Ejemplo de Propiedad",
        "direccion": "Dirección de Ejemplo",
        "precio_por_noche": 100,
        "max_usuarios": 4,
        "usuario": 1,
        "servicios_extra": []
    }
},
{
    "model": "alquiler.prioridad",
    "pk": 1,
    "fields": {
        "nombre": "South on behavior gas thought them.",
        "descripcion": "Ago floor item enough generation hour attack his. Yard account each sometimes chance go.",
        "premiun": false,
        "numero": -5543,
        "propiedades": [
            13
        ]
    }
},
{
    "model": "alquiler.prioridad",
    "pk": 2,
    "fields": {
        "nombre": "Pressure total cover or specific former late.",
        "descripcion": "Very air citizen job thing left move senior. Family similar itself produce give. Into be within artist both myself head.",
        "premiun": false,
        "numero": 30052,
        "propiedades": [
            11
        ]
    }
},
{
    "model": "alquiler.prioridad",
    "pk": 3,
    "fields": {
        "nombre": "Plant mean at see.",
        "descripcion": "Establish operation some third magazine. House easy admit evening also those mind sign. Treat wife artist threat.\nMake example none enough north single.",
        "premiun": false,
        "numero": -11976,
        "propiedades": [
            8,
            9,
            12
        ]
    }
},
{
    "model": "alquiler.prioridad",
    "pk": 4,
    "fields": {
        "nombre": "That four page serious.",
        "descripcion": "Single only too small Democrat. Relate yard look member full foreign. Back seven manage as big American.\nPhysical whom at. Decide yet sometimes. Class cultural cultural source staff environment good.",
        "premiun": false,
        "numero": 13468,
        "propiedades": [
            5,
            7,
            10,
            13
        ]
    }
},
{
    "model": "alquiler.prioridad",
    "pk": 5,
    "fields": {
        "nombre": "Just rise worry they machine marriage law.",
        "descripcion": "Seem within the debate. Energy region cause usually. Know necessary throughout floor score arrive call.\nThrow environment space record. Water natural force too bar family.",
        "premiun": false,
        "numero": -1602,
        "propiedades": [
            9,
            11
        ]
    }
},
{
    "model": "alquiler.prioridad",
    "pk": 6,
    "fields": {
        "nombre": "Customer book account your. Power everyone same.",
        "descripcion": "Threat life debate future smile. Court candidate control a rate response before.\nAhead trial bag reality. Box professional edge author day. Task ready later report education hard including.",
        "premiun": true,
        "numero": -18588,
        "propiedades": [
            10,
            12,
            15
        ]
    }
},
{
    "model": "alquiler.prioridad",
    "pk": 7,
    "fields": {
        "nombre": "Dog mention their.",
        "descripcion": "Man southern side difficult world. Along popular prevent necessary adult. Determine line money.\nLife raise have usually his. Necessary side before country.",
        "premiun": false,
        "numero": -8110,
        "propiedades": [
            6,
            7,
            8,
            9
        ]
    }
},
{
    "model": "alquiler.prioridad",
    "pk": 8,
    "fields": {
        "nombre": "Artist land save improve man statement.",
        "descripcion": "Forward crime from. One before last care fine quite matter. Front simply thought involve last professional century. Difficult case prove always.",
        "premiun": false,
        "numero": -31821,
        "propiedades": [
            9
        ]
    }
},
{
    "model": "alquiler.prioridad",
    "pk": 9,
    "fields": {
        "nombre": "Help represent else interesting.",
        "descripcion": "Why include cause care step seek. Every act include ahead. Will quickly bank check behavior experience year face.\nChange smile way third. Space join beat.",
        "premiun": true,
        "numero": -19424,
        "propiedades": [
            1,
            2,
            9,
            11
        ]
    }
},
{
    "model": "alquiler.prioridad",
    "pk": 10,
    "fields": {
        "nombre": "Onto growth public allow thousand defense your.",
        "descripcion": "End security tell return girl. Leave reach themselves maybe buy politics.\nPlace professor American you agree. Into nearly respond our.",
        "premiun": false,
        "numero": 27892,
        "propiedades": [
            3,
            4,
            7,
            15
        ]
    }
},
{
    "model": "alquiler.prioridad",
    "pk": 11,
    "fields": {
        "nombre": "Choice old coach lead attorney firm.",
        "descripcion": "Indicate open him indicate performance. They name deal. Make religious prevent stop opportunity five contain.\nBelieve decide pass note my tough by everybody. Over none own.",
        "premiun": true,
        "numero": 26459,
        "propiedades": [
            5,
            7,
            12
        ]
    }
},
{
    "model": "alquiler.prioridad",
    "pk": 12,
    "fields": {
        "nombre": "List claim positive discuss someone.",
        "descripcion": "Myself now go main after partner. Require very player administration population truth trouble. Night tree customer community agency nature walk.",
        "premiun": false,
        "numero": 2314,
        "propiedades": [
            6
        ]
    }
},
{
    "model": "alquiler.prioridad",
    "pk": 13,
    "fields": {
        "nombre": "Wide attention adult like.",
        "descripcion": "Official firm wait serve. Country better character if economy follow force.\nThought series past. Of purpose serve computer.",
        "premiun": true,
        "numero": -24216,
        "propiedades": [
            11,
            12,
            15
        ]
    }
},
{
    "model": "alquiler.prioridad",
    "pk": 14,
    "fields": {
        "nombre": "But per skin material degree.",
        "descripcion": "Too budget once hit special benefit garden. Talk must think.\nFood beyond system later find upon. During enter different hand keep.\nNorth able weight impact. Else hear side old military.",
        "premiun": false,
        "numero": 26247,
        "propiedades": [
            3,
            5,
            7,
            11
        ]
    }
},
{
    "model": "alquiler.prioridad",
    "pk": 15,
    "fields": {
        "nombre": "Part rich its into suggest yes around deep.",
        "descripcion": "Civil guy way fund. Grow Democrat operation education factor.\nBorn personal resource close require. Bag season TV media. My back teacher cultural late common include.",
        "premiun": true,
        "numero": 27277,
        "propiedades": [
            10,
            13,
            15
        ]
    }
},
{
    "model": "alquiler.pago",
    "pk": 1,
    "fields": {
        "total": 0.2797261317601397,
        "fecha_pago": "2011-09-02T02:40:18.552",
        "metodo_pago": "Chance population may.",
        "cod_transaccion": "Population Mr leader happen form. Per off shake become act describe data."
    }
},
{
    "model": "alquiler.pago",
    "pk": 2,
    "fields": {
        "total": 0.11940378124365147,
        "fecha_pago": "2019-06-29T07:49:27.067",
        "metodo_pago": "Strategy voice project box.",
        "cod_transaccion": "West certain store happy back pretty throw. Family most media next fire."
    }
},
{
    "model": "alquiler.pago",
    "pk": 3,
    "fields": {
        "total": 0.3611313933669039,
        "fecha_pago": "1981-04-04T23:16:03.410",
        "metodo_pago": "Style into issue way side should.",
        "cod_transaccion": "Degree thought personal pay beyond why himself. Throughout strong his political manager field."
    }
},
{
    "model": "alquiler.pago",
    "pk": 4,
    "fields": {
        "total": 0.9667774008644541,
        "fecha_pago": "1973-07-08T10:19:47.715",
        "metodo_pago": "Peace international assume me.",
        "cod_transaccion": "Scientist information detail that source go. Key somebody item alone environment establish end."
    }
},
{
    "model": "alquiler.pago",
    "pk": 5,
    "fields": {
        "total": 0.3165995395711405,
        "fecha_pago": "2008-07-07T10:57:34.473",
        "metodo_pago": "Write her you center a practice country majority.",
        "cod_transaccion": "Actually memory decide both. Movement office cold data."
    }
},
{
    "model": "alquiler.pago",
    "pk": 6,
    "fields": {
        "total": 0.9787024835570904,
        "fecha_pago": "1976-05-19T16:06:26.950",
        "metodo_pago": "Occur after important wide learn collection get.",
        "cod_transaccion": "After dog reach significant require. Customer central whatever form account more our left."
    }
},
{
    "model": "alquiler.pago",
    "pk": 7,
    "fields": {
        "total": 0.3034389265591583,
        "fecha_pago": "1992-08-06T11:15:21.912",
        "metodo_pago": "World or light close professor his.",
        "cod_transaccion": "Walk pretty after grow rule some. Another receive whatever church I expert raise."
    }
},
{
    "model": "alquiler.pago",
    "pk": 8,
    "fields": {
        "total": 0.8164509744196558,
        "fecha_pago": "2000-05-08T23:02:33.826",
        "metodo_pago": "Town official president since.",
        "cod_transaccion": "Investment these student back so blood from. Someone wife gun test coach hit property reveal."
    }
},
{
    "model": "alquiler.pago",
    "pk": 9,
    "fields": {
        "total": 0.39382551501350405,
        "fecha_pago": "1980-12-02T12:54:53.391",
        "metodo_pago": "Size style reveal recently current.",
        "cod_transaccion": "Fear consider million remember summer find. Time agency over compare should left choose test."
    }
},
{
    "model": "alquiler.pago",
    "pk": 10,
    "fields": {
        "total": 0.48560198628814,
        "fecha_pago": "2006-12-27T02:29:03.139",
        "metodo_pago": "Front three coach evidence world key return.",
        "cod_transaccion": "My remain shake oil watch identify. Film tend finally his two seat."
    }
},
{
    "model": "alquiler.pago",
    "pk": 11,
    "fields": {
        "total": 0.4483726919832062,
        "fecha_pago": "1984-09-13T01:01:03.280",
        "metodo_pago": "Season them position.",
        "cod_transaccion": "Pm spend customer. Board own character similar hotel. According responsibility technology assume."
    }
},
{
    "model": "alquiler.pago",
    "pk": 12,
    "fields": {
        "total": 0.36195439353721315,
        "fecha_pago": "2011-08-24T14:11:06.689",
        "metodo_pago": "Those generation president cause.",
        "cod_transaccion": "Free head cell."
    }
},
{
    "model": "alquiler.pago",
    "pk": 13,
    "fields": {
        "total": 0.541394860307601,
        "fecha_pago": "1976-01-30T09:26:13.111",
        "metodo_pago": "Physical apply share see site writer bad free.",
        "cod_transaccion": "Group happy summer risk open.\nInside whom on resource technology."
    }
},
{
    "model": "alquiler.pago",
    "pk": 14,
    "fields": {
        "total": 0.6727343055783267,
        "fecha_pago": "2007-11-05T07:18:52.535",
        "metodo_pago": "Step there join use.",
        "cod_transaccion": "Themselves though black nor. Page really word."
    }
},
{
    "model": "alquiler.pago",
    "pk": 15,
    "fields": {
        "total": 0.7167494833516836,
        "fecha_pago": "1988-06-25T04:33:59.762",
        "metodo_pago": "Relate girl performance.",
        "cod_transaccion": "Story democratic husband appear career mind game. Sound while war spend identify travel thought."
    }
},
{
    "model": "alquiler.reserva",
    "pk": 1,
    "fields": {
        "fecha_inicio": "1998-02-22",
        "fecha_fin": "1972-02-19T02:53:02.620",
        "total": 0.446948437705188,
        "estado": "Whole war mother.",
        "propiedad": 4,
        "pago": 14,
        "perfil": 4
    }
},
{
    "model": "alquiler.reserva",
    "pk": 2,
    "fields": {
        "fecha_inicio": "1999-11-20",
        "fecha_fin": "1976-12-27T23:15:52.029",
        "total": 0.39794364915251856,
        "estado": "Event cover none.",
        "propiedad": 7,
        "pago": 4,
        "perfil": 14
    }
},
{
    "model": "alquiler.reserva",
    "pk": 3,
    "fields": {
        "fecha_inicio": "2013-12-22",
        "fecha_fin": "2005-01-12T07:32:39.567",
        "total": 0.4215573719065052,
        "estado": "Either chance.",
        "propiedad": 9,
        "pago": 6,
        "perfil": 2
    }
},
{
    "model": "alquiler.reserva",
    "pk": 4,
    "fields": {
        "fecha_inicio": "1974-12-05",
        "fecha_fin": "1993-10-30T04:58:29.397",
        "total": 0.5516189984466995,
        "estado": "Thing international.",
        "propiedad": 14,
        "pago": 2,
        "perfil": 12
    }
},
{
    "model": "alquiler.reserva",
    "pk": 5,
    "fields": {
        "fecha_inicio": "1987-10-01",
        "fecha_fin": "2014-05-02T20:34:56.015",
        "total": 0.24415873329206705,
        "estado": "Final institution.",
        "propiedad": 7,
        "pago": 13,
        "perfil": 15
    }
},
{
    "model": "alquiler.reserva",
    "pk": 6,
    "fields": {
        "fecha_inicio": "1978-06-24",
        "fecha_fin": "1974-02-18T08:54:28.664",
        "total": 0.14305318892117258,
        "estado": "Wonder serious know.",
        "propiedad": 15,
        "pago": 3,
        "perfil": 6
    }
},
{
    "model": "alquiler.reserva",
    "pk": 7,
    "fields": {
        "fecha_inicio": "1996-02-10",
        "fecha_fin": "2006-03-19T12:35:46.568",
        "total": 0.11329653790103011,
        "estado": "Instead arm partner.",
        "propiedad": 1,
        "pago": 15,
        "perfil": 1
    }
},
{
    "model": "alquiler.reserva",
    "pk": 8,
    "fields": {
        "fecha_inicio": "1986-09-19",
        "fecha_fin": "1995-09-14T10:34:01.456",
        "total": 0.21731799277607577,
        "estado": "Work building.",
        "propiedad": 14,
        "pago": 9,
        "perfil": 13
    }
},
{
    "model": "alquiler.reserva",
    "pk": 9,
    "fields": {
        "fecha_inicio": "1982-08-07",
        "fecha_fin": "2019-05-08T00:35:33.573",
        "total": 0.20625592484451072,
        "estado": "Live role improve.",
        "propiedad": 7,
        "pago": 8,
        "perfil": 7
    }
},
{
    "model": "alquiler.reserva",
    "pk": 10,
    "fields": {
        "fecha_inicio": "2013-11-02",
        "fecha_fin": "1991-08-21T08:26:15.823",
        "total": 0.91060982805129,
        "estado": "Result rich imagine.",
        "propiedad": 1,
        "pago": 1,
        "perfil": 9
    }
},
{
    "model": "alquiler.reserva",
    "pk": 11,
    "fields": {
        "fecha_inicio": "1975-04-29",
        "fecha_fin": "2004-02-17T11:10:24.305",
        "total": 0.2248487845165873,
        "estado": "Offer yeah feeling.",
        "propiedad": 6,
        "pago": 11,
        "perfil": 8
    }
},
{
    "model": "alquiler.reserva",
    "pk": 12,
    "fields": {
        "fecha_inicio": "1974-07-09",
        "fecha_fin": "1980-05-08T22:48:18.281",
        "total": 0.35340936027173153,
        "estado": "Care analysis very.",
        "propiedad": 14,
        "pago": 7,
        "perfil": 5
    }
},
{
    "model": "alquiler.reserva",
    "pk": 13,
    "fields": {
        "fecha_inicio": "1986-12-14",
        "fecha_fin": "2024-08-31T13:59:34.237",
        "total": 0.5627475486985636,
        "estado": "Country another.",
        "propiedad": 4,
        "pago": 12,
        "perfil": 11
    }
},
{
    "model": "alquiler.reserva",
    "pk": 14,
    "fields": {
        "fecha_inicio": "2006-05-28",
        "fecha_fin": "1970-02-23T12:32:03.448",
        "total": 0.4132352296913542,
        "estado": "Respond social.",
        "propiedad": 7,
        "pago": 5,
        "perfil": 10
    }
},
{
    "model": "alquiler.reserva",
    "pk": 15,
    "fields": {
        "fecha_inicio": "2003-09-20",
        "fecha_fin": "1984-04-18T21:37:12.370",
        "total": 0.06915719181488178,
        "estado": "Bring air surface.",
        "propiedad": 11,
        "pago": 10,
        "perfil": 3
    }
},
{
    "model": "alquiler.comentario",
    "pk": 1,
    "fields": {
        "contenido": "Public form surface participant spend effect. Year civil onto loss doctor phone he during. Moment police area campaign everything. Send his southern.",
        "fecha_comentario": null,
        "valoracion": -199,
        "anonimo": true,
        "propiedad": 10
    }
},
{
    "model": "alquiler.comentario",
    "pk": 2,
    "fields": {
        "contenido": "Expect budget old friend region board fish. Gas pressure beyond son you. Offer single total this trip.",
        "fecha_comentario": null,
        "valoracion": 25382,
        "anonimo": false,
        "propiedad": 12
    }
},
{
    "model": "alquiler.comentario",
    "pk": 3,
    "fields": {
        "contenido": "Little blue age. Food stuff message spring drug main. Wrong matter great take grow.\nGrowth live hair tell central industry grow. Late usually science view prevent value section.",
        "fecha_comentario": null,
        "valoracion": -32348,
        "anonimo": true,
        "propiedad": 9
    }
},
{
    "model": "alquiler.comentario",
    "pk": 4,
    "fields": {
        "contenido": "Few middle answer let order. Maybe who word six door stay break.\nRate gun turn purpose perhaps list baby. Personal money continue baby still add.",
        "fecha_comentario": null,
        "valoracion": 30850,
        "anonimo": false,
        "propiedad": 8
    }
},
{
    "model": "alquiler.comentario",
    "pk": 5,
    "fields": {
        "contenido": "Send option street animal if indicate indicate while.\nEspecially dinner performance son dog thought paper. Team standard hard we thing season. Myself main beyond I they.",
        "fecha_comentario": null,
        "valoracion": 10551,
        "anonimo": true,
        "propiedad": 9
    }
},
{
    "model": "alquiler.comentario",
    "pk": 6,
    "fields": {
        "contenido": "Listen analysis light TV newspaper society. News Congress policy hundred treatment deal. Material along size gas life. Threat mean war good.\nHard child hand.",
        "fecha_comentario": null,
        "valoracion": 29032,
        "anonimo": false,
        "propiedad": 2
    }
},
{
    "model": "alquiler.comentario",
    "pk": 7,
    "fields": {
        "contenido": "Physical learn since history run degree.\nOpen father exactly Republican floor bill. More where common message.\nFactor listen open cost team. Specific radio bit push else data.",
        "fecha_comentario": null,
        "valoracion": 21773,
        "anonimo": false,
        "propiedad": 12
    }
},
{
    "model": "alquiler.comentario",
    "pk": 8,
    "fields": {
        "contenido": "Source change also decide town clearly look. Picture understand lawyer fight. Special however chance break sign entire. Actually fall environment friend white.",
        "fecha_comentario": null,
        "valoracion": -5076,
        "anonimo": true,
        "propiedad": 10
    }
},
{
    "model": "alquiler.comentario",
    "pk": 9,
    "fields": {
        "contenido": "Personal letter successful both until term see. Word field history.",
        "fecha_comentario": null,
        "valoracion": -28234,
        "anonimo": true,
        "propiedad": 12
    }
},
{
    "model": "alquiler.comentario",
    "pk": 10,
    "fields": {
        "contenido": "Role event major because like score. Wrong might more student. On remember three main.\nLow movement explain leader physical human. Evidence try thing. Federal that edge age.",
        "fecha_comentario": null,
        "valoracion": 18431,
        "anonimo": true,
        "propiedad": 1
    }
},
{
    "model": "alquiler.comentario",
    "pk": 11,
    "fields": {
        "contenido": "Sell walk son itself involve sport edge. Tree study thousand ground perhaps year. Kind need truth car cut ask stage.",
        "fecha_comentario": null,
        "valoracion": 29365,
        "anonimo": false,
        "propiedad": 14
    }
},
{
    "model": "alquiler.comentario",
    "pk": 12,
    "fields": {
        "contenido": "Level oil action cold hear list apply. Figure group character turn fight cup. Six adult thank as measure occur everyone.",
        "fecha_comentario": null,
        "valoracion": 18045,
        "anonimo": false,
        "propiedad": 10
    }
},
{
    "model": "alquiler.comentario",
    "pk": 13,
    "fields": {
        "contenido": "Notice I effort special. Production positive popular wide food her.\nTheir recognize phone full still environment near. Country research because scene whom nearly.",
        "fecha_comentario": null,
        "valoracion": 12756,
        "anonimo": false,
        "propiedad": 2
    }
},
{
    "model": "alquiler.comentario",
    "pk": 14,
    "fields": {
        "contenido": "Training why child his wide. News management my once.\nBlue long really class determine court. Draw chair think hair investment. Minute good lay thousand fast. Happen discuss language current.",
        "fecha_comentario": null,
        "valoracion": -28043,
        "anonimo": false,
        "propiedad": 1
    }
},
{
    "model": "alquiler.comentario",
    "pk": 15,
    "fields": {
        "contenido": "Air decide meet college debate discussion. Their resource health.",
        "fecha_comentario": null,
        "valoracion": 22888,
        "anonimo": false,
        "propiedad": 2
    }
},
{
    "model": "alquiler.categoriaprincipal",
    "pk": 1,
    "fields": {
        "nombre": "",
        "descripcion": "",
        "fecha_asignacion": "2024-11-24T20:42:27.868",
        "categoria": 7,
        "propiedad": 1
    }
},
{
    "model": "alquiler.categoriaprincipal",
    "pk": 2,
    "fields": {
        "nombre": "",
        "descripcion": "",
        "fecha_asignacion": "2024-11-24T20:42:27.870",
        "categoria": 1,
        "propiedad": 1
    }
},
{
    "model": "alquiler.categoriaprincipal",
    "pk": 3,
    "fields": {
        "nombre": "",
        "descripcion": "",
        "fecha_asignacion": "2024-11-24T20:42:27.871",
        "categoria": 6,
        "propiedad": 1
    }
},
{
    "model": "alquiler.categoriaprincipal",
    "pk": 4,
    "fields": {
        "nombre": "",
        "descripcion": "",
        "fecha_asignacion": "2024-11-24T20:42:27.872",
        "categoria": 4,
        "propiedad": 1
    }
},
{
    "model": "alquiler.categoriaprincipal",
    "pk": 5,
    "fields": {
        "nombre": "",
        "descripcion": "",
        "fecha_asignacion": "2024-11-24T20:42:27.887",
        "categoria": 9,
        "propiedad": 2
    }
},
{
    "model": "alquiler.categoriaprincipal",
    "pk": 6,
    "fields": {
        "nombre": "",
        "descripcion": "",
        "fecha_asignacion": "2024-11-24T20:42:27.889",
        "categoria": 7,
        "propiedad": 2
    }
},
{
    "model": "alquiler.categoriaprincipal",
    "pk": 7,
    "fields": {
        "nombre": "",
        "descripcion": "",
        "fecha_asignacion": "2024-11-24T20:42:27.900",
        "categoria": 6,
        "propiedad": 3
    }
},
{
    "model": "alquiler.categoriaprincipal",
    "pk": 8,
    "fields": {
        "nombre": "",
        "descripcion": "",
        "fecha_asignacion": "2024-11-24T20:42:27.902",
        "categoria": 12,
        "propiedad": 3
    }
},
{
    "model": "alquiler.categoriaprincipal",
    "pk": 9,
    "fields": {
        "nombre": "",
        "descripcion": "",
        "fecha_asignacion": "2024-11-24T20:42:27.903",
        "categoria": 14,
        "propiedad": 3
    }
},
{
    "model": "alquiler.categoriaprincipal",
    "pk": 10,
    "fields": {
        "nombre": "",
        "descripcion": "",
        "fecha_asignacion": "2024-11-24T20:42:27.904",
        "categoria": 5,
        "propiedad": 3
    }
},
{
    "model": "alquiler.categoriaprincipal",
    "pk": 11,
    "fields": {
        "nombre": "",
        "descripcion": "",
        "fecha_asignacion": "2024-11-24T20:42:27.920",
        "categoria": 14,
        "propiedad": 4
    }
},
{
    "model": "alquiler.categoriaprincipal",
    "pk": 12,
    "fields": {
        "nombre": "",
        "descripcion": "",
        "fecha_asignacion": "2024-11-24T20:42:27.922",
        "categoria": 15,
        "propiedad": 4
    }
},
{
    "model": "alquiler.categoriaprincipal",
    "pk": 13,
    "fields": {
        "nombre": "",
        "descripcion": "",
        "fecha_asignacion": "2024-11-24T20:42:27.923",
        "categoria": 7,
        "propiedad": 4
    }
},
{
    "model": "alquiler.categoriaprincipal",
    "pk": 14,
    "fields": {
        "nombre": "",
        "descripcion": "",
        "fecha_asignacion": "2024-11-24T20:42:27.931",
        "categoria": 7,
        "propiedad": 5
    }
},
{
    "model": "alquiler.categoriaprincipal",
    "pk": 15,
    "fields": {
        "nombre": "",
        "descripcion": "",
        "fecha_asignacion": "2024-11-24T20:42:27.940",
        "categoria": 8,
        "propiedad": 6
    }
},
{
    "model": "alquiler.categoriaprincipal",
    "pk": 16,
    "fields": {
        "nombre": "",
        "descripcion": "",
        "fecha_asignacion": "2024-11-24T20:42:27.941",
        "categoria": 1,
        "propiedad": 6
    }
},
{
    "model": "alquiler.categoriaprincipal",
    "pk": 17,
    "fields": {
        "nombre": "",
        "descripcion": "",
        "fecha_asignacion": "2024-11-24T20:42:27.949",
        "categoria": 1,
        "propiedad": 7
    }
},
{
    "model": "alquiler.categoriaprincipal",
    "pk": 18,
    "fields": {
        "nombre": "",
        "descripcion": "",
        "fecha_asignacion": "2024-11-24T20:42:27.951",
        "categoria": 12,
        "propiedad": 7
    }
},
{
    "model": "alquiler.categoriaprincipal",
    "pk": 19,
    "fields": {
        "nombre": "",
        "descripcion": "",
        "fecha_asignacion": "2024-11-24T20:42:27.960",
        "categoria": 15,
        "propiedad": 8
    }
},
{
    "model": "alquiler.categoriaprincipal",
    "pk": 20,
    "fields": {
        "nombre": "",
        "descripcion": "",
        "fecha_asignacion": "2024-11-24T20:42:27.970",
        "categoria": 2,
        "propiedad": 9
    }
},
{
    "model": "alquiler.categoriaprincipal",
    "pk": 21,
    "fields": {
        "nombre": "",
        "descripcion": "",
        "fecha_asignacion": "2024-11-24T20:42:27.971",
        "categoria": 15,
        "propiedad": 9
    }
},
{
    "model": "alquiler.categoriaprincipal",
    "pk": 22,
    "fields": {
        "nombre": "",
        "descripcion": "",
        "fecha_asignacion": "2024-11-24T20:42:27.972",
        "categoria": 1,
        "propiedad": 9
    }
},
{
    "model": "alquiler.categoriaprincipal",
    "pk": 23,
    "fields": {
        "nombre": "",
        "descripcion": "",
        "fecha_asignacion": "2024-11-24T20:42:27.973",
        "categoria": 5,
        "propiedad": 9
    }
},
{
    "model": "alquiler.categoriaprincipal",
    "pk": 24,
    "fields": {
        "nombre": "",
        "descripcion": "",
        "fecha_asignacion": "2024-11-24T20:42:27.983",
        "categoria": 4,
        "propiedad": 10
    }
},
{
    "model": "alquiler.categoriaprincipal",
    "pk": 25,
    "fields": {
        "nombre": "",
        "descripcion": "",
        "fecha_asignacion": "2024-11-24T20:42:27.984",
        "categoria": 11,
        "propiedad": 10
    }
},
{
    "model": "alquiler.categoriaprincipal",
    "pk": 26,
    "fields": {
        "nombre": "",
        "descripcion": "",
        "fecha_asignacion": "2024-11-24T20:42:27.985",
        "categoria": 1,
        "propiedad": 10
    }
},
{
    "model": "alquiler.categoriaprincipal",
    "pk": 27,
    "fields": {
        "nombre": "",
        "descripcion": "",
        "fecha_asignacion": "2024-11-24T20:42:27.997",
        "categoria": 10,
        "propiedad": 11
    }
},
{
    "model": "alquiler.categoriaprincipal",
    "pk": 28,
    "fields": {
        "nombre": "",
        "descripcion": "",
        "fecha_asignacion": "2024-11-24T20:42:27.999",
        "categoria": 9,
        "propiedad": 11
    }
},
{
    "model": "alquiler.categoriaprincipal",
    "pk": 29,
    "fields": {
        "nombre": "",
        "descripcion": "",
        "fecha_asignacion": "2024-11-24T20:42:28.009",
        "categoria": 4,
        "propiedad": 12
    }
},
{
    "model": "alquiler.categoriaprincipal",
    "pk": 30,
    "fields": {
        "nombre": "",
        "descripcion": "",
        "fecha_asignacion": "2024-11-24T20:42:28.021",
        "categoria": 13,
        "propiedad": 13
    }
},
{
    "model": "alquiler.categoriaprincipal",
    "pk": 31,
    "fields": {
        "nombre": "",
        "descripcion": "",
        "fecha_asignacion": "2024-11-24T20:42:28.022",
        "categoria": 2,
        "propiedad": 13
    }
},
{
    "model": "alquiler.categoriaprincipal",
    "pk": 32,
    "fields": {
        "nombre": "",
        "descripcion": "",
        "fecha_asignacion": "2024-11-24T20:42:28.024",
        "categoria": 9,
        "propiedad": 13
    }
},
{
    "model": "alquiler.categoriaprincipal",
    "pk": 33,
    "fields": {
        "nombre": "",
        "descripcion": "",
        "fecha_asignacion": "2024-11-24T20:42:28.036",
        "categoria": 3,
        "propiedad": 14
    }
},
{
    "model": "alquiler.categoriaprincipal",
    "pk": 34,
    "fields": {
        "nombre": "",
        "descripcion": "",
        "fecha_asignacion": "2024-11-24T20:42:28.037",
        "categoria": 13,
        "propiedad": 14
    }
},
{
    "model": "alquiler.categoriaprincipal",
    "pk": 35,
    "fields": {
        "nombre": "",
        "descripcion": "",
        "fecha_asignacion": "2024-11-24T20:42:28.039",
        "categoria": 15,
        "propiedad": 14
    }
},
{
    "model": "alquiler.categoriaprincipal",
    "pk": 36,
    "fields": {
        "nombre": "",
        "descripcion": "",
        "fecha_asignacion": "2024-11-24T20:42:28.039",
        "categoria": 6,
        "propiedad": 14
    }
},
{
    "model": "alquiler.categoriaprincipal",
    "pk": 37,
    "fields": {
        "nombre": "",
        "descripcion": "",
        "fecha_asignacion": "2024-11-24T20:42:28.050",
        "categoria": 12,
        "propiedad": 15
    }
},
{
    "model": "alquiler.categoriaprincipal",
    "pk": 38,
    "fields": {
        "nombre": "",
        "descripcion": "",
        "fecha_asignacion": "2024-11-24T20:42:28.051",
        "categoria": 4,
        "propiedad": 15
    }
},
{
    "model": "alquiler.categoriaprincipal",
    "pk": 39,
    "fields": {
        "nombre": "",
        "descripcion": "",
        "fecha_asignacion": "2024-11-24T20:42:28.052",
        "categoria": 11,
        "propiedad": 15
    }
},
{
    "model": "alquiler.categoriaprincipal",
    "pk": 40,
    "fields": {
        "nombre": "Manage experience method fill. See notice TV serve big. Dinner reach section.",
        "descripcion": "Material store yourself. Well cell score morning statement night.\nLawyer girl happy like. Six during east wind. Add card commercial reality certainly. Probably wife young family pressure.",
        "fecha_asignacion": "1995-11-22T20:07:18.026",
        "categoria": 13,
        "propiedad": 10
    }
},
{
    "model": "alquiler.categoriaprincipal",
    "pk": 41,
    "fields": {
        "nombre": "Model always generation peace few next meeting second. Return apply really language crime choose.",
        "descripcion": "Difficult pretty already matter. Ground grow run special his note.\nReach special really become contain house. Hold wife agree.",
        "fecha_asignacion": "1996-10-02T21:34:41.800",
        "categoria": 5,
        "propiedad": 3
    }
},
{
    "model": "alquiler.categoriaprincipal",
    "pk": 42,
    "fields": {
        "nombre": "Huge property personal loss family face tree use. Represent hour any drive wide before.",
        "descripcion": "Young own blood bank before a.\nCollege voice difficult hit. For language ever explain nation after draw significant. Hand student miss. Level admit property matter us effort certainly only.",
        "fecha_asignacion": "2012-08-25T03:04:30.530",
        "categoria": 14,
        "propiedad": 7
    }
},
{
    "model": "alquiler.categoriaprincipal",
    "pk": 43,
    "fields": {
        "nombre": "Call later must despite degree program. Approach drive list small task mission window.",
        "descripcion": "Will billion specific people suddenly. Dinner performance others this real bar.\nDebate instead close of.\nOpportunity doctor speak show if begin. Voice kind enter reduce position keep.",
        "fecha_asignacion": "1997-11-20T05:49:31.141",
        "categoria": 2,
        "propiedad": 14
    }
},
{
    "model": "alquiler.categoriaprincipal",
    "pk": 44,
    "fields": {
        "nombre": "Any executive year against. Service loss car for rest.",
        "descripcion": "Medical effect expect fine indicate need simply out. Very human born prevent. Character forget spring safe in drop subject trouble.",
        "fecha_asignacion": "2010-04-28T20:50:24.437",
        "categoria": 10,
        "propiedad": 5
    }
},
{
    "model": "alquiler.categoriaprincipal",
    "pk": 45,
    "fields": {
        "nombre": "Use water stage soldier. Like continue unit option resource. Man citizen people yes air produce.",
        "descripcion": "Defense prevent yeah. Local save sing tough yard still serve various.\nProfessor represent morning product individual stop country. Rich despite tree nearly.",
        "fecha_asignacion": "2011-12-09T21:23:29.893",
        "categoria": 2,
        "propiedad": 13
    }
},
{
    "model": "alquiler.categoriaprincipal",
    "pk": 46,
    "fields": {
        "nombre": "Here from investment bill coach finish test. Tv travel unit big his fill.",
        "descripcion": "Later dog form include admit. Result military no under.",
        "fecha_asignacion": "1987-01-22T16:39:52.577",
        "categoria": 1,
        "propiedad": 10
    }
},
{
    "model": "alquiler.categoriaprincipal",
    "pk": 47,
    "fields": {
        "nombre": "Single art continue court your. While subject blue successful half.",
        "descripcion": "Color above those exactly. Wait pay worry compare.\nUntil whole offer couple into. Answer parent western painting yet.\nOrder speak design month future. Mind theory trade nor go.",
        "fecha_asignacion": "2017-10-22T12:38:34.710",
        "categoria": 2,
        "propiedad": 3
    }
},
{
    "model": "alquiler.categoriaprincipal",
    "pk": 48,
    "fields": {
        "nombre": "Report establish hair community both.",
        "descripcion": "Nearly street get democratic.\nTrip size easy TV. Shake ready where prepare activity action. Probably because special station player.",
        "fecha_asignacion": "2013-07-02T23:28:24.112",
        "categoria": 12,
        "propiedad": 1
    }
},
{
    "model": "alquiler.categoriaprincipal",
    "pk": 49,
    "fields": {
        "nombre": "Here level serious man hour. Put throughout life thing. Step red sport forward hope around.",
        "descripcion": "Season interesting example direction ask customer. Hot way nice situation fast account. Share new well real rule.\nMaterial public painting many shake. Indicate apply theory anyone.",
        "fecha_asignacion": "1980-08-04T07:19:37.880",
        "categoria": 15,
        "propiedad": 15
    }
},
{
    "model": "alquiler.categoriaprincipal",
    "pk": 50,
    "fields": {
        "nombre": "Specific bag environment throughout process meeting. Everybody national glass attorney.",
        "descripcion": "Real including better daughter can down focus. Case ten themselves whose shoulder. Agree war building nation.",
        "fecha_asignacion": "1978-05-28T10:42:37.078",
        "categoria": 9,
        "propiedad": 12
    }
},
{
    "model": "alquiler.categoriaprincipal",
    "pk": 51,
    "fields": {
        "nombre": "Research teach become peace. Bit billion enjoy free worry.",
        "descripcion": "Morning girl professor. Station meeting painting character life sit. Sure citizen important national environment security herself.\nInvolve control member control him. Any player key.",
        "fecha_asignacion": "2013-09-01T17:32:32.478",
        "categoria": 2,
        "propiedad": 8
    }
},
{
    "model": "alquiler.categoriaprincipal",
    "pk": 52,
    "fields": {
        "nombre": "Small level reduce issue deep science. Pretty development production rather Democrat blood read.",
        "descripcion": "Nice research on much ready change. Expert loss seat thousand. Ability wonder glass. Second small image.",
        "fecha_asignacion": "1998-12-31T12:52:28.573",
        "categoria": 14,
        "propiedad": 9
    }
},
{
    "model": "alquiler.categoriaprincipal",
    "pk": 53,
    "fields": {
        "nombre": "Really fact others lawyer down record. Value writer note responsibility.",
        "descripcion": "Director community meeting process. Study appear else likely direction particular.\nNetwork gas shoulder person indicate money.\nDifferent remain exist prevent. Bit quite state become Mrs doctor.",
        "fecha_asignacion": "1972-08-11T10:09:08.268",
        "categoria": 8,
        "propiedad": 11
    }
},
{
    "model": "alquiler.categoriaprincipal",
    "pk": 54,
    "fields": {
        "nombre": "Treatment smile poor actually really us activity. Opportunity capital ready.",
        "descripcion": "Head generation TV. Suffer while send.\nKeep behind today. Example trade story his.\nCourt scene across less board measure end where. Range best and economic option husband.",
        "fecha_asignacion": "1978-09-20T11:57:33.308",
        "categoria": 2,
        "propiedad": 1
    }
}
]
